category-id,category-en,domena-pl,podkategoria-pl,sciezka,uwagi
1,Alphabet,Alfabet,,alfabet,
2,Animal Activity Feeding,Zwierzęta,Karmienie zwierząt,zwierzeta/karmienie,
3,Animal Activity Grooming,Zwierzęta,Pielęgnacja zwierząt,zwierzeta/pielegnacja,
4,Animal Activity Misc,Zwierzęta,Inne czynności,zwierzeta/inne-czynnosci,jeden symbol (trap)
5,Animal Birds,Zwierzęta,Ptaki,zwierzeta/ptaki,
6,Animal Crustacean and Molluscs,Zwierzęta,Skorupiaki i mięczaki,zwierzeta/skorupiaki-i-mieczaki,
7,Animal Features,Zwierzęta,Cechy i części ciała zwierząt,zwierzeta/czesci-ciala,
8,Animal Fish and Marine mammals,Zwierzęta,Ryby i ssaki morskie,zwierzeta/ryby-i-ssaki-morskie,
9,Animal Habitat,Zwierzęta,Siedliska i schronienia,zwierzeta/siedliska,
10,Animal Mammal,Zwierzęta,Ssaki,zwierzeta/ssaki,
11,Animal Other Invertebrates,Zwierzęta,Inne bezkręgowce,zwierzeta/inne-bezkregowce,
12,Animal Reptiles and Amphibians,Zwierzęta,Gady i płazy,zwierzeta/gady-i-plazy,
13,Animal Spiders and Insects,Zwierzęta,Pająki i owady,zwierzeta/pajaki-i-owady,
14,Art Colour,Plastyka,Kolory,plastyka/kolory,
15,Art Making,Plastyka,Tworzenie,plastyka/tworzenie,
16,Building Contents,Budynki i dom,Przedmioty i wyposażenie domu,budynki/przedmioty-domowe,
17,Building Equipment and devices,Budynki i dom,Sprzęt i urządzenia,budynki/sprzet-i-urzadzenia,
18,Building Furniture,Budynki i dom,Meble,budynki/meble,
19,Building Garden and farm,Budynki i dom,Ogród i gospodarstwo,budynki/ogrod-i-gospodarstwo,
20,Building Household tasks,Budynki i dom,Prace domowe,budynki/prace-domowe,czasowniki
21,Building Office and factory,Budynki i dom,Biuro i fabryka,budynki/biuro-i-fabryka,jeden symbol (office_block)
22,Building Public,Budynki i dom,Budynki i miejsca publiczne,budynki/publiczne,
23,Building Residential,Budynki i dom,Budynki mieszkalne,budynki/mieszkalne,
24,Building School,Budynki i dom,Budynki i pomieszczenia szkolne,budynki/szkolne,
25,Building Shop,Budynki i dom,Sklep,budynki/sklep,
26,Building Structure,Budynki i dom,Konstrukcja i elementy budynku,budynki/konstrukcja,
27,Celebration Event,Uroczystości,Wydarzenia,uroczystosci/wydarzenia,"elementy brytyjskie (Bonfire_Night, Guy_Fawkes)"
28,Celebration Item,Uroczystości,Przedmioty i dekoracje,uroczystosci/przedmioty,
29,Clothes Accessories,Ubrania,Akcesoria,ubrania/akcesoria,
30,Clothes General,Ubrania,Odzież ogólna,ubrania/ogolne,
31,Clothes Jewellery,Ubrania,Biżuteria,ubrania/bizuteria,
32,Clothes Sport,Ubrania,Odzież sportowa,ubrania/sportowa,zawiera stroje angielskich klubów piłkarskich (football_kit_*)
33,Communication Aid,Komunikacja,Sprzęt i pomoce AAC,komunikacja/sprzet-aac,"obrazy sprzętu (przełączniki, komunikatory, tablice), a nie symbole dla użytkownika"
34,Communication Conversation,Komunikacja,Rozmowa,komunikacja/rozmowa,"dwa symbole (hello, need_toilet)"
35,Communication Signs,Komunikacja,Znaki i oznaczenia,komunikacja/znaki,dwa symbole
36,Computer Icon,Komputer,Interfejs i polecenia,komputer/interfejs,"ikony interfejsu i polecenia; granica z kat. 49 nieostra (klawisze i mysz 1 są tu, mysz 2 i klawiatura tam)"
37,Country Flags,Kraje,Flagi,kraje/flagi,"obejmuje flagi niepaństwowe (np. Alaska, African Union, Aboriginal Peoples)"
38,Country Maps,Kraje,Mapy,kraje/mapy,
39,Descriptive Direction,Określenia,Kierunek,okreslenia/kierunek,
40,Descriptive Position,Określenia,Położenie,okreslenia/polozenie,
41,Descriptive Quantity,Określenia,Ilość i miara,okreslenia/ilosc-i-miara,zawiera też rozmiary ubrań (clothes_small itd.)
42,Descriptive Shape,Określenia,Kształt,okreslenia/ksztalt,
43,Descriptive State,Określenia,Stan,okreslenia/stan,
44,Descriptive Time,Określenia,Czas,okreslenia/czas,
45,Drink Actions,Napoje,Czynności,napoje/czynnosci,
46,Drink Containers and measures,Napoje,Naczynia i miary,napoje/naczynia-i-miary,
47,Drink Description,Napoje,Opis napojów,napoje/opis,
48,Drink Type,Napoje,Rodzaje napojów,napoje/rodzaje,
49,Electrical Computer,Komputer,Sprzęt i obsługa,komputer/sprzet-i-obsluga,"w źródle w domenie Electrical; przeniesione do Komputer, bo to ten sam obszar pojęciowy co kat. 36"
50,Electrical General,Urządzenia elektryczne,Ogólne,urzadzenia-elektryczne/ogolne,
51,Electrical Media,Urządzenia elektryczne,Media i fotografia,urzadzenia-elektryczne/media,
52,Electrical Phone,Urządzenia elektryczne,Telefon,urzadzenia-elektryczne/telefon,
53,Electrical TV,Urządzenia elektryczne,Telewizja,urzadzenia-elektryczne/telewizja,elementy brytyjskie (channel_bbc_1)
54,Environment Weather,Środowisko,Pogoda,srodowisko/pogoda,
55,Food Breads and baking,Jedzenie,Pieczywo i wypieki,jedzenie/pieczywo-i-wypieki,
56,Food Dairy,Jedzenie,Nabiał,jedzenie/nabial,
57,Food Diet,Jedzenie,Dieta,jedzenie/dieta,
58,Food Eggs,Jedzenie,Jaja,jedzenie/jaja,
59,Food Feeding and eating,Jedzenie,Spożywanie posiłków i karmienie,jedzenie/spozywanie-i-karmienie,"zawiera pomoce do karmienia (chewy_tube, coated_spoon, cup_non_spill)"
60,Food Festival,Jedzenie,Potrawy świąteczne,jedzenie/potrawy-swiateczne,jeden symbol (simnel_cake)
61,Food Fish and seafood,Jedzenie,Ryby i owoce morza,jedzenie/ryby-i-owoce-morza,
62,Food Fruit,Jedzenie,Owoce,jedzenie/owoce,
63,Food Ingredients,Jedzenie,Składniki,jedzenie/skladniki,
64,Food Kitchen actions,Jedzenie,Czynności kuchenne,jedzenie/czynnosci-kuchenne,czasowniki
65,Food Kitchen items,Jedzenie,Przybory i sprzęt kuchenny,jedzenie/sprzet-kuchenny,
66,Food Meals and snacks,Jedzenie,Posiłki i przekąski,jedzenie/posilki-i-przekaski,
67,Food Meat,Jedzenie,Mięso,jedzenie/mieso,
68,Food Nuts,Jedzenie,Orzechy,jedzenie/orzechy,
69,Food Pastas and rice,Jedzenie,Makarony i ryż,jedzenie/makarony-i-ryz,
70,Food Poultry,Jedzenie,Drób,jedzenie/drob,
71,Food Sweets and desserts,Jedzenie,Słodycze i desery,jedzenie/slodycze-i-desery,
72,Food Vegetables and salad,Jedzenie,Warzywa i sałatki,jedzenie/warzywa-i-salatki,scalone z kat. 73 w drzewie (literówka w źródle: salad / salads)
73,Food Vegetables and salads,Jedzenie,Warzywa i sałatki,jedzenie/warzywa-i-salatki,
74,Healthcare Body parts,Zdrowie i higiena,Części ciała,zdrowie/czesci-ciala,zawiera 6 symboli oznaczonych rated=1
75,Healthcare Grooming activities,Zdrowie i higiena,Czynności higieniczne,zdrowie/czynnosci-higieniczne,czasowniki
76,Healthcare Grooming items,Zdrowie i higiena,Przedmioty do higieny i pielęgnacji,zdrowie/przedmioty-higieniczne,
77,Healthcare Medical conditions,Zdrowie i higiena,Dolegliwości i stany zdrowia,zdrowie/dolegliwosci,
78,Healthcare Medical items,Zdrowie i higiena,Przedmioty i sprzęt medyczny,zdrowie/sprzet-medyczny,
79,Holiday and travel,Wakacje i podróże,,wakacje-i-podroze,
80,Leisure Games,Wypoczynek i zabawa,Gry,wypoczynek/gry,
81,Leisure General,Wypoczynek i zabawa,Ogólne,wypoczynek/ogolne,jeden symbol (cigarette)
82,Leisure Playground,Wypoczynek i zabawa,Plac zabaw,wypoczynek/plac-zabaw,
83,Leisure Toys,Wypoczynek i zabawa,Zabawki,wypoczynek/zabawki,
84,Military,Wojsko,,wojsko,dwa symbole
85,Money,Pieniądze,,pieniadze,
86,Music Instrument,Muzyka,Instrumenty,muzyka/instrumenty,
87,Number,Liczby,Liczebniki,liczby/liczebniki,
88,Number Activity,Liczby,Działania i matematyka,liczby/dzialania-i-matematyka,
89,People Actions,Ludzie,Czynności,ludzie/czynnosci,"5 czasowników rozproszonych znaczeniowo (ruch, odpoczynek, praca); zob. verbs-pl.csv"
90,People Descriptive,Ludzie,Cechy i opis osób,ludzie/opis-osob,
91,People Feelings,Ludzie,Uczucia i emocje,ludzie/uczucia,
92,People Profession,Ludzie,Zawody,ludzie/zawody,"warianty numerowane (_1a, _1b, _2a, _2b)"
93,People Relationship,Ludzie,Pokrewieństwo i relacje,ludzie/relacje,
94,Plants and Trees,Rośliny i drzewa,,rosliny-i-drzewa,
95,Politics,Polityka,,polityka,jeden symbol (Houses_of_Parliament)
96,Question,Pytania,,pytania,
97,Religion Festival,Religia,Święta,religia/swieta,"wyłącznie treść chrześcijańska (tag Christian), bez oznaczeń wyznaniowych w nazwach; tradycje angielskie: Harvest_Festival, Shrove_Tuesday_1, Boxing_Day"
98,Religion General,Religia,Ogólne,religia/ogolne,"wyłącznie treść chrześcijańska (tag Christian), bez oznaczeń wyznaniowych w nazwach"
99,Religion Person,Religia,Postacie,religia/postacie,"wyłącznie treść chrześcijańska; Puritans to jedyny symbol wprost wyznaniowy (protestantyzm angielski); carol_singer: tradycja angielska"
100,Science,Nauka,Ogólne,nauka/ogolne,
101,Science Astronomy,Nauka,Astronomia,nauka/astronomia,
102,Science Eco,Nauka,Ekologia,nauka/ekologia,
103,Sport,Sport,Dyscypliny i czynności sportowe,sport/dyscypliny,
104,Sport Accessories,Sport,Sprzęt i akcesoria,sport/sprzet,
105,Tools Actions,Narzędzia,Czynności,narzedzia/czynnosci,"jeden symbol (work_,_to)"
106,Tools Garden,Narzędzia,Ogrodnicze,narzedzia/ogrodnicze,
107,Tools Workshop,Narzędzia,Warsztatowe,narzedzia/warsztatowe,
108,Transport Air,Transport,Powietrzny,transport/powietrzny,
109,Transport Rail,Transport,Kolejowy,transport/kolejowy,
110,Transport Road,Transport,Drogowy,transport/drogowy,
111,Transport Space,Transport,Kosmiczny,transport/kosmiczny,
112,Transport Water,Transport,Wodny,transport/wodny,
113,Verb,Czasowniki,,czasowniki,kategoria wg części mowy; 5 symboli to nie czasowniki wg pola grammar
114,Work and School Education,Praca i szkoła,Edukacja,praca-i-szkola/edukacja,
115,Work and School Stationery,Praca i szkoła,Przybory szkolne i biurowe,praca-i-szkola/przybory,
116,Work and School Subjects,Praca i szkoła,Przedmioty szkolne,praca-i-szkola/przedmioty,
117,Work and School Timetable,Praca i szkoła,Plan zajęć,praca-i-szkola/plan-zajec,
