symbol-id,symbol-en,grammar,category-id,infinitive-pl,aspect,semantic-class,class-path,semantic-subclass,subclass-path,wordnet-domain,notes
55,"armwrestle_,_to",Verb,80,siłować się na rękę,impf,"gra, sport i wypoczynek",gra-sport-wypoczynek,sport i ćwiczenia,sport-i-cwiczenia,competition,
96,"bake_,_to",Verb,64,piec,impf,gotowanie i obróbka żywności,gotowanie,obróbka cieplna,obrobka-cieplna,creation,
116,"barbeque_,_to",Verb,64,grillować,impf,gotowanie i obróbka żywności,gotowanie,obróbka cieplna,obrobka-cieplna,creation,
130,"bath_animal_,_to",VerbComplex,3,kąpać zwierzę,impf,relacje społeczne i opieka,relacje-i-opieka,opieka nad zwierzętami,opieka-nad-zwierzetami,social,
132,"bathe_,_to",Verb,75,kąpać się,impf,higiena i ubieranie się,higiena-i-ubieranie,mycie i suszenie,mycie-i-suszenie,body,
198,"bless_,_to",Verb,98,błogosławić,impf,relacje społeczne i opieka,relacje-i-opieka,rytuał i święto,rytual-i-swieto,social,
259,"break_,_to",Verb,43,rozbijać (szybę),impf,zmiana stanu,zmiana-stanu,przemiany,przemiany,change,obraz: młotek i popękana szyba
261,"break_egg_,_to",VerbComplex,64,rozbijać jajko,impf,gotowanie i obróbka żywności,gotowanie,przygotowanie składników,przygotowanie-skladnikow,creation,
287,"brush_animal_,_to",VerbComplex,3,szczotkować zwierzę,impf,relacje społeczne i opieka,relacje-i-opieka,opieka nad zwierzętami,opieka-nad-zwierzetami,social,
288,"brush_hair_,_to",VerbComplex,75,szczotkować włosy,impf,higiena i ubieranie się,higiena-i-ubieranie,"pielęgnacja włosów, paznokci i wyglądu",pielegnacja-wlosow-paznokci-i-wygladu,body,
289,"brush_teeth_,_to",VerbComplex,75,myć zęby,impf,higiena i ubieranie się,higiena-i-ubieranie,mycie i suszenie,mycie-i-suszenie,body,"idiom polski: myć, nie szczotkować"
410,"celebrate_2_,_to",Verb,27,wiwatować,impf,relacje społeczne i opieka,relacje-i-opieka,rytuał i święto,rytual-i-swieto,social,obraz: dwie postacie z uniesionymi pięściami
411,"celebrate_3_,_to",Verb,27,świętować (szampan),impf,relacje społeczne i opieka,relacje-i-opieka,rytuał i święto,rytual-i-swieto,social,obraz: korek szampana i balon
434,"change_nappy_,_to",VerbComplex,75,przewijać dziecko,impf,relacje społeczne i opieka,relacje-i-opieka,opieka nad ludźmi,opieka-nad-ludzmi,body,dosłownie: zmieniać pieluchę
435,"change_tv_channel_,_to",VerbComplex,53,zmieniać kanał,impf,obsługa urządzeń,obsluga-urzadzen,,,contact,
487,"chop_,_to",Verb,64,siekać,impf,gotowanie i obróbka żywności,gotowanie,przygotowanie składników,przygotowanie-skladnikow,contact,
514,"clean_shoes_,_to",VerbComplex,20,czyścić buty,impf,prace domowe i ogrodowe,prace-domowe-i-ogrodowe,dom i porządki,dom-i-porzadki,contact,
515,"clean_window_,_to",VerbComplex,20,myć okno,impf,prace domowe i ogrodowe,prace-domowe-i-ogrodowe,dom i porządki,dom-i-porzadki,contact,
525,"clip_nails_,_to",VerbComplex,75,obcinać paznokcie,impf,higiena i ubieranie się,higiena-i-ubieranie,"pielęgnacja włosów, paznokci i wyglądu",pielegnacja-wlosow-paznokci-i-wygladu,body,
561,"comb_animal_,_to",VerbComplex,3,czesać zwierzę,impf,relacje społeczne i opieka,relacje-i-opieka,opieka nad zwierzętami,opieka-nad-zwierzetami,social,
580,"computer_folder_open_,_to",VerbComplex,36,otwierać folder,impf,obsługa urządzeń,obsluga-urzadzen,,,contact,
595,"cook_,_to",Verb,64,gotować,impf,gotowanie i obróbka żywności,gotowanie,obróbka cieplna,obrobka-cieplna,creation,
805,"cover_food_,_to",VerbComplex,64,przykrywać jedzenie,impf,gotowanie i obróbka żywności,gotowanie,podawanie i przykrywanie,podawanie-i-przykrywanie,motion,
838,"crush_,_to",Verb,64,ucierać (w moździerzu),impf,gotowanie i obróbka żywności,gotowanie,przygotowanie składników,przygotowanie-skladnikow,contact,obraz: tłuczek i moździerz
839,"crush_garlic_,_to",VerbComplex,64,wyciskać czosnek (praską),impf,gotowanie i obróbka żywności,gotowanie,przygotowanie składników,przygotowanie-skladnikow,contact,obraz: praska do czosnku
853,"cycle_,_to",Verb,103,jeździć na rowerze,impf,ruch,ruch,pojazdy i pływanie,pojazdy-i-plywanie,motion,czasownik ruchu (jeździć / jechać)
870,"decorate_cake_,_to",VerbComplex,64,dekorować ciasto,impf,gotowanie i obróbka żywności,gotowanie,"mieszanie, nakładanie i dekorowanie",mieszanie-nakladanie-i-dekorowanie,creation,
871,"decorate_tree_,_to",VerbComplex,27,ubierać choinkę,impf,tworzenie i rzemiosło,tworzenie,,,creation,adaptacja kulturowa: drzewko świąteczne
895,"dice_,_to",Verb,64,kroić w kostkę,impf,gotowanie i obróbka żywności,gotowanie,przygotowanie składników,przygotowanie-skladnikow,contact,
908,"dip_food_,_to",VerbComplex,64,maczać jedzenie,impf,gotowanie i obróbka żywności,gotowanie,"mieszanie, nakładanie i dekorowanie",mieszanie-nakladanie-i-dekorowanie,contact,
921,"dive_2_,_to",Verb,103,skakać do wody,impf,"gra, sport i wypoczynek",gra-sport-wypoczynek,sport i ćwiczenia,sport-i-cwiczenia,competition,obraz: skok do wody w pozycji zwiniętej (nie nurkowanie z akwalungiem)
956,"dribble_football_,_to",Verb,103,prowadzić piłkę,impf,"gra, sport i wypoczynek",gra-sport-wypoczynek,sport i ćwiczenia,sport-i-cwiczenia,competition,
960,"drink_,_to",Verb,45,pić,impf,jedzenie i picie,jedzenie-i-picie,,,consumption,
976,"dry_face_,_to",VerbComplex,75,wycierać twarz,impf,higiena i ubieranie się,higiena-i-ubieranie,mycie i suszenie,mycie-i-suszenie,body,
977,"dry_hair_,_to",VerbComplex,75,suszyć włosy,impf,higiena i ubieranie się,higiena-i-ubieranie,mycie i suszenie,mycie-i-suszenie,body,
978,"dry_hair_2_,_to",VerbComplex,75,suszyć włosy,impf,higiena i ubieranie się,higiena-i-ubieranie,mycie i suszenie,mycie-i-suszenie,body,wariant obrazu
979,"dry_hands_,_to",VerbComplex,75,wycierać ręce,impf,higiena i ubieranie się,higiena-i-ubieranie,mycie i suszenie,mycie-i-suszenie,body,
980,"dry_hands_2_,_to",VerbComplex,75,suszyć ręce (suszarką),impf,higiena i ubieranie się,higiena-i-ubieranie,mycie i suszenie,mycie-i-suszenie,body,obraz: suszarka elektryczna do rąk
983,"dust_,_to",Verb,20,ścierać kurz,impf,prace domowe i ogrodowe,prace-domowe-i-ogrodowe,dom i porządki,dom-i-porzadki,contact,
1028,"email_send_,_to",VerbComplex,36,wysyłać e-mail,impf,obsługa urządzeń,obsluga-urzadzen,,,contact,
1036,"enter_,_to",Verb,39,wchodzić,impf,ruch,ruch,wchodzenie i wychodzenie,wchodzenie-i-wychodzenie,motion,
1037,"enter_door_,_to",VerbComplex,89,wchodzić przez drzwi,impf,ruch,ruch,wchodzenie i wychodzenie,wchodzenie-i-wychodzenie,motion,
1044,"exercise_,_to",Verb,103,ćwiczyć,impf,"gra, sport i wypoczynek",gra-sport-wypoczynek,sport i ćwiczenia,sport-i-cwiczenia,competition,
1045,"exit_,_to",Verb,39,wychodzić,impf,ruch,ruch,wchodzenie i wychodzenie,wchodzenie-i-wychodzenie,motion,
1046,"exit_door_,_to",VerbComplex,89,wychodzić przez drzwi,impf,ruch,ruch,wchodzenie i wychodzenie,wchodzenie-i-wychodzenie,motion,
1088,"feed_cat_,_to",VerbComplex,2,karmić kota,impf,relacje społeczne i opieka,relacje-i-opieka,opieka nad zwierzętami,opieka-nad-zwierzetami,social,
1089,"feed_dog_,_to",VerbComplex,2,karmić psa,impf,relacje społeczne i opieka,relacje-i-opieka,opieka nad zwierzętami,opieka-nad-zwierzetami,social,
1104,"file_nails_,_to",VerbComplex,75,piłować paznokcie,impf,higiena i ubieranie się,higiena-i-ubieranie,"pielęgnacja włosów, paznokci i wyglądu",pielegnacja-wlosow-paznokci-i-wygladu,body,
1128,"fish_,_to",Verb,103,łowić ryby,impf,"gra, sport i wypoczynek",gra-sport-wypoczynek,na świeżym powietrzu,na-swiezym-powietrzu,competition,
1400,"flip_,_to",Verb,64,obracać na drugą stronę,impf,gotowanie i obróbka żywności,gotowanie,obróbka cieplna,obrobka-cieplna,creation,
1411,"flush_toilet_,_to",VerbComplex,75,spuszczać wodę w toalecie,impf,higiena i ubieranie się,higiena-i-ubieranie,mycie i suszenie,mycie-i-suszenie,body,
1414,"fold_clothes_,_to",VerbComplex,20,składać ubrania,impf,prace domowe i ogrodowe,prace-domowe-i-ogrodowe,dom i porządki,dom-i-porzadki,contact,
1495,"fry_,_to",Verb,64,smażyć,impf,gotowanie i obróbka żywności,gotowanie,obróbka cieplna,obrobka-cieplna,creation,
1517,"get_dressed_,_to",VerbComplex,75,ubierać się,impf,higiena i ubieranie się,higiena-i-ubieranie,ubieranie i rozbieranie,ubieranie-i-rozbieranie,body,
1529,"go_through_door_,_to",VerbComplex,39,przechodzić przez drzwi,impf,ruch,ruch,wchodzenie i wychodzenie,wchodzenie-i-wychodzenie,motion,
1555,"grate_,_to",Verb,64,trzeć na tarce,impf,gotowanie i obróbka żywności,gotowanie,przygotowanie składników,przygotowanie-skladnikow,contact,
1559,"gravy_pour_,_to",Noun,113,polewać sosem,impf,gotowanie i obróbka żywności,gotowanie,"mieszanie, nakładanie i dekorowanie",mieszanie-nakladanie-i-dekorowanie,motion,w źródle gramatyka Noun mimo nazwy czasownikowej
1571,"grill_,_to",Verb,64,grillować,impf,gotowanie i obróbka żywności,gotowanie,obróbka cieplna,obrobka-cieplna,creation,
1641,"hear_,_to",Verb,74,słyszeć,impf,poznanie i percepcja,poznanie-i-percepcja,,,perception,
1646,"heat_,_to",Verb,64,podgrzewać,impf,gotowanie i obróbka żywności,gotowanie,obróbka cieplna,obrobka-cieplna,creation,
1680,"hoover_,_to",Verb,20,odkurzać,impf,prace domowe i ogrodowe,prace-domowe-i-ogrodowe,dom i porządki,dom-i-porzadki,contact,
1718,"iron_,_to",Verb,20,prasować,impf,prace domowe i ogrodowe,prace-domowe-i-ogrodowe,dom i porządki,dom-i-porzadki,contact,
1769,"kick_ball_1_,_to",VerbComplex,103,kopać piłkę,impf,"gra, sport i wypoczynek",gra-sport-wypoczynek,sport i ćwiczenia,sport-i-cwiczenia,competition,wariant obrazu
1770,"kick_ball_2_,_to",VerbComplex,103,kopać piłkę (do rugby),impf,"gra, sport i wypoczynek",gra-sport-wypoczynek,sport i ćwiczenia,sport-i-cwiczenia,competition,obraz: piłka owalna (rugby)
1856,"look_in_mirror_,_to",VerbComplex,75,przeglądać się w lustrze,impf,higiena i ubieranie się,higiena-i-ubieranie,"pielęgnacja włosów, paznokci i wyglądu",pielegnacja-wlosow-paznokci-i-wygladu,body,
1882,"make_the_bed_,_to",VerbComplex,20,ścielić łóżko,impf,prace domowe i ogrodowe,prace-domowe-i-ogrodowe,dom i porządki,dom-i-porzadki,contact,
1898,"mash_,_to",Verb,64,rozgniatać (tłuczkiem),impf,gotowanie i obróbka żywności,gotowanie,przygotowanie składników,przygotowanie-skladnikow,contact,obraz: tłuczek do ziemniaków
1899,"mash_potato_,_to",Noun,64,tłuc ziemniaki (na puree),impf,gotowanie i obróbka żywności,gotowanie,przygotowanie składników,przygotowanie-skladnikow,contact,w źródle gramatyka Noun mimo nazwy czasownikowej
1920,"melt_,_to",Verb,64,topić się (o serze),impf,gotowanie i obróbka żywności,gotowanie,obróbka cieplna,obrobka-cieplna,change,obraz: ser topiący się na tostach
2092,"open_tin_,_to",VerbComplex,64,otwierać puszkę,impf,gotowanie i obróbka żywności,gotowanie,przygotowanie składników,przygotowanie-skladnikow,contact,
2173,"peel_,_to",Verb,64,obierać,impf,gotowanie i obróbka żywności,gotowanie,przygotowanie składników,przygotowanie-skladnikow,contact,
2193,"perm_,_to",Verb,75,robić trwałą,impf,higiena i ubieranie się,higiena-i-ubieranie,"pielęgnacja włosów, paznokci i wyglądu",pielegnacja-wlosow-paznokci-i-wygladu,body,obraz: włosy nakręcone na wałki
2270,"point_,_to",Verb,39,wskazywać,impf,komunikacja,komunikacja,,,communication,
2278,"polish_nails_,_to",VerbComplex,75,malować paznokcie,impf,higiena i ubieranie się,higiena-i-ubieranie,"pielęgnacja włosów, paznokci i wyglądu",pielegnacja-wlosow-paznokci-i-wygladu,body,
2282,"pop_champagne_cork_,_to",VerbComplex,45,otwierać szampana,impf,jedzenie i picie,jedzenie-i-picie,,,consumption,
2305,"pour_cake_mixture_,_to",Noun,71,wlewać ciasto,impf,gotowanie i obróbka żywności,gotowanie,"mieszanie, nakładanie i dekorowanie",mieszanie-nakladanie-i-dekorowanie,motion,w źródle gramatyka Noun mimo nazwy czasownikowej
2306,"pour_custard_,_to",Verb,71,polewać sosem waniliowym (custard),impf,gotowanie i obróbka żywności,gotowanie,"mieszanie, nakładanie i dekorowanie",mieszanie-nakladanie-i-dekorowanie,motion,"custard: krem angielski, realia brytyjskie"
2310,"pray_,_to",Verb,98,modlić się,impf,relacje społeczne i opieka,relacje-i-opieka,rytuał i święto,rytual-i-swieto,social,
2335,"put_in_bin_,_to",VerbComplex,20,wrzucać do kosza,impf,prace domowe i ogrodowe,prace-domowe-i-ogrodowe,dom i porządki,dom-i-porzadki,contact,
2336,"put_on_cap_,_to",VerbComplex,75,zakładać czapkę,impf,higiena i ubieranie się,higiena-i-ubieranie,ubieranie i rozbieranie,ubieranie-i-rozbieranie,body,
2337,"put_on_coat_,_to",VerbComplex,75,zakładać płaszcz,impf,higiena i ubieranie się,higiena-i-ubieranie,ubieranie i rozbieranie,ubieranie-i-rozbieranie,body,
2338,"put_out_rubbish_,_to",VerbComplex,20,wystawiać śmieci,impf,prace domowe i ogrodowe,prace-domowe-i-ogrodowe,dom i porządki,dom-i-porzadki,contact,
2373,"receive_email_,_to",VerbComplex,36,odbierać e-mail,impf,obsługa urządzeń,obsluga-urzadzen,,,contact,
2380,"refridgerate_,_to",Verb,64,wkładać do lodówki,impf,gotowanie i obróbka żywności,gotowanie,obróbka cieplna,obrobka-cieplna,creation,literówka w źródle (refridgerate)
2387,"relax_3_,_to",Verb,89,relaksować się,impf,odpoczynek i stany,odpoczynek-i-stany,,,body,
2389,"retire_,_to",Verb,89,przechodzić na emeryturę,impf,praca,praca,,,social,
2398,"ride_horse_,_to",VerbComplex,103,jeździć konno,impf,"gra, sport i wypoczynek",gra-sport-wypoczynek,sport i ćwiczenia,sport-i-cwiczenia,competition,
2414,"roll_pastry_,_to",VerbComplex,64,wałkować ciasto,impf,gotowanie i obróbka żywności,gotowanie,przygotowanie składników,przygotowanie-skladnikow,contact,
2428,"run_,_to",Verb,103,biegać,impf,ruch,ruch,"chodzenie, bieg i wspinaczka",chodzenie-bieg-i-wspinaczka,motion,czasownik ruchu (biegać / biec)
2445,"salt_,_to",Verb,59,solić,impf,jedzenie i picie,jedzenie-i-picie,,,consumption,
2491,"scoop_,_to",Verb,64,nabierać łyżką,impf,gotowanie i obróbka żywności,gotowanie,"mieszanie, nakładanie i dekorowanie",mieszanie-nakladanie-i-dekorowanie,contact,
2492,"score_goal_,_to",Verb,103,strzelać gola,impf,"gra, sport i wypoczynek",gra-sport-wypoczynek,sport i ćwiczenia,sport-i-cwiczenia,competition,
2515,"serve_,_to",Verb,64,podawać,impf,gotowanie i obróbka żywności,gotowanie,podawanie i przykrywanie,podawanie-i-przykrywanie,motion,
2517,"set_the_table_,_to",VerbComplex,20,nakrywać do stołu,impf,prace domowe i ogrodowe,prace-domowe-i-ogrodowe,dom i porządki,dom-i-porzadki,contact,
2518,"set_timer_,_to",VerbComplex,64,nastawiać minutnik,impf,gotowanie i obróbka żywności,gotowanie,obróbka cieplna,obrobka-cieplna,creation,
2528,"shampoo_animal_,_to",VerbComplex,3,myć zwierzę szamponem,impf,relacje społeczne i opieka,relacje-i-opieka,opieka nad zwierzętami,opieka-nad-zwierzetami,social,
2529,"shampoo_hair_,_to",VerbComplex,75,myć włosy,impf,higiena i ubieranie się,higiena-i-ubieranie,mycie i suszenie,mycie-i-suszenie,body,
2534,"shave_,_to",Verb,75,golić się (golarką elektryczną),impf,higiena i ubieranie się,higiena-i-ubieranie,"pielęgnacja włosów, paznokci i wyglądu",pielegnacja-wlosow-paznokci-i-wygladu,body,obraz: golarka elektryczna
2535,"shave_underarm_,_to",VerbComplex,75,golić pachy,impf,higiena i ubieranie się,higiena-i-ubieranie,"pielęgnacja włosów, paznokci i wyglądu",pielegnacja-wlosow-paznokci-i-wygladu,body,
2536,"shave_with_razor_,_to",VerbComplex,75,golić się maszynką,impf,higiena i ubieranie się,higiena-i-ubieranie,"pielęgnacja włosów, paznokci i wyglądu",pielegnacja-wlosow-paznokci-i-wygladu,body,
2556,"shower_1_,_to",Verb,75,brać prysznic,impf,higiena i ubieranie się,higiena-i-ubieranie,mycie i suszenie,mycie-i-suszenie,body,wariant obrazu
2557,"shower_2_,_to",Verb,75,brać prysznic,impf,higiena i ubieranie się,higiena-i-ubieranie,mycie i suszenie,mycie-i-suszenie,body,wariant obrazu
2566,"sieve_,_to",Verb,64,przesiewać,impf,gotowanie i obróbka żywności,gotowanie,przygotowanie składników,przygotowanie-skladnikow,contact,
2579,"sit_at_computer_,_to",VerbComplex,49,siedzieć przy komputerze,impf,obsługa urządzeń,obsluga-urzadzen,,,contact,
2580,"sit_at_computer_,_to_2",VerbComplex,49,siedzieć przy komputerze,impf,obsługa urządzeń,obsluga-urzadzen,,,contact,wariant obrazu; sufiks po numerze (niespójny)
2588,"ski_,_to",Verb,103,jeździć na nartach,impf,"gra, sport i wypoczynek",gra-sport-wypoczynek,sport i ćwiczenia,sport-i-cwiczenia,competition,
2603,"smoke_,_to",Verb,77,palić (papierosa),impf,jedzenie i picie,jedzenie-i-picie,,,consumption,obraz: osoba z papierosem i dymem; nie przypalanie potraw
2657,"spread_,_to",Verb,64,smarować,impf,gotowanie i obróbka żywności,gotowanie,"mieszanie, nakładanie i dekorowanie",mieszanie-nakladanie-i-dekorowanie,contact,
2660,"sprinkle_,_to",Verb,64,posypywać,impf,gotowanie i obróbka żywności,gotowanie,"mieszanie, nakładanie i dekorowanie",mieszanie-nakladanie-i-dekorowanie,contact,
2664,"squash_,_to",Verb,64,zgniatać,impf,gotowanie i obróbka żywności,gotowanie,przygotowanie składników,przygotowanie-skladnikow,contact,
2665,"squeak_,_to",Verb,7,piszczeć,impf,postawa i czynności ciała,postawa-i-czynnosci-ciala,,,body,
2674,"staple_,_to",Verb,115,zszywać zszywaczem,impf,praca,praca,,,social,
2699,"stir_fry_,_to",VerbComplex,64,smażyć w woku,impf,gotowanie i obróbka żywności,gotowanie,obróbka cieplna,obrobka-cieplna,creation,
2700,"stir_mix_,_to",VerbComplex,64,mieszać,impf,gotowanie i obróbka żywności,gotowanie,"mieszanie, nakładanie i dekorowanie",mieszanie-nakladanie-i-dekorowanie,contact,
2711,"strain_,_to",Verb,64,odcedzać,impf,gotowanie i obróbka żywności,gotowanie,przygotowanie składników,przygotowanie-skladnikow,contact,
2717,"stroke_,_to",Verb,3,głaskać (psa),impf,relacje społeczne i opieka,relacje-i-opieka,kontakt fizyczny i gesty,kontakt-fizyczny-i-gesty,contact,obraz: osoba głaszcząca psa
2746,"swim_,_to",Verb,103,pływać,impf,ruch,ruch,pojazdy i pływanie,pojazdy-i-plywanie,motion,
2752,"swing_,_to",Verb,82,huśtać się,impf,"gra, sport i wypoczynek",gra-sport-wypoczynek,zabawa i gry,zabawa-i-gry,motion,
2759,"switch_on_television_,_to",Verb,53,włączać telewizor,impf,obsługa urządzeń,obsluga-urzadzen,,,contact,
2769,"take_a_work_break_,_to",VerbComplex,89,robić przerwę w pracy,impf,praca,praca,,,social,
2770,"take_off_cap_,_to",VerbComplex,75,zdejmować czapkę,impf,higiena i ubieranie się,higiena-i-ubieranie,ubieranie i rozbieranie,ubieranie-i-rozbieranie,body,
2784,"taste_,_to",Verb,59,próbować jedzenia,impf,jedzenie i picie,jedzenie-i-picie,,,perception,
2818,"text_mobile_message_,_to",VerbComplex,52,pisać SMS,impf,komunikacja,komunikacja,,,communication,
2842,"tidy_up_,_to",VerbComplex,20,sprzątać,impf,prace domowe i ogrodowe,prace-domowe-i-ogrodowe,dom i porządki,dom-i-porzadki,contact,
2844,"tie_2_,_to",Verb,75,wiązać krawat,impf,higiena i ubieranie się,higiena-i-ubieranie,ubieranie i rozbieranie,ubieranie-i-rozbieranie,body,obraz: dłonie wiążące krawat
2894,"toss_pancake_,_to",VerbComplex,55,podrzucać naleśnik,impf,gotowanie i obróbka żywności,gotowanie,obróbka cieplna,obrobka-cieplna,creation,
2909,"trampoline_,_to",Verb,103,skakać na trampolinie,impf,"gra, sport i wypoczynek",gra-sport-wypoczynek,zabawa i gry,zabawa-i-gry,motion,
2933,"turn_down_heat_,_to",VerbComplex,64,zmniejszać ogień,impf,gotowanie i obróbka żywności,gotowanie,obróbka cieplna,obrobka-cieplna,creation,
2934,"turn_off_light_switch_,_to",VerbComplex,50,wyłączać światło,impf,obsługa urządzeń,obsluga-urzadzen,,,contact,
2935,"turn_on_light_switch_,_to",VerbComplex,50,włączać światło,impf,obsługa urządzeń,obsluga-urzadzen,,,contact,
2936,"turn_up_heat_,_to",VerbComplex,64,zwiększać ogień,impf,gotowanie i obróbka żywności,gotowanie,obróbka cieplna,obrobka-cieplna,creation,
2950,"unbuckle_,_to",Verb,75,odpinać sprzączkę,impf,higiena i ubieranie się,higiena-i-ubieranie,ubieranie i rozbieranie,ubieranie-i-rozbieranie,body,
2951,"unbutton_,_to",Verb,75,rozpinać guziki,impf,higiena i ubieranie się,higiena-i-ubieranie,ubieranie i rozbieranie,ubieranie-i-rozbieranie,body,
2959,"undress_,_to",Verb,75,rozbierać się,impf,higiena i ubieranie się,higiena-i-ubieranie,ubieranie i rozbieranie,ubieranie-i-rozbieranie,body,
2960,"untie_,_to",Verb,75,rozwiązywać (kokardę),impf,higiena i ubieranie się,higiena-i-ubieranie,ubieranie i rozbieranie,ubieranie-i-rozbieranie,body,obraz: rozwiązywana wstążka
2965,"use_computer_,_to",VerbComplex,49,używać komputera,impf,obsługa urządzeń,obsluga-urzadzen,,,contact,
2990,"vomit_,_to",Verb,77,wymiotować,impf,postawa i czynności ciała,postawa-i-czynnosci-ciala,,,body,
2995,"wag_tail_,_to",VerbComplex,7,merdać ogonem,impf,postawa i czynności ciała,postawa-i-czynnosci-ciala,,,body,
2996,"wag_tail_2_,_to",VerbComplex,7,merdać ogonem,impf,postawa i czynności ciała,postawa-i-czynnosci-ciala,,,body,wariant obrazu
2998,"walk_dog_,_to",VerbComplex,3,wyprowadzać psa,impf,relacje społeczne i opieka,relacje-i-opieka,opieka nad zwierzętami,opieka-nad-zwierzetami,social,
3010,"wash_clothes_,_to",VerbComplex,20,prać ubrania,impf,prace domowe i ogrodowe,prace-domowe-i-ogrodowe,dom i porządki,dom-i-porzadki,contact,
3011,"wash_face_,_to",VerbComplex,75,myć twarz,impf,higiena i ubieranie się,higiena-i-ubieranie,mycie i suszenie,mycie-i-suszenie,body,
3012,"wash_hands_,_to",VerbComplex,75,myć ręce,impf,higiena i ubieranie się,higiena-i-ubieranie,mycie i suszenie,mycie-i-suszenie,body,
3013,"wash_up_,_to",VerbComplex,20,zmywać naczynia,impf,prace domowe i ogrodowe,prace-domowe-i-ogrodowe,dom i porządki,dom-i-porzadki,contact,
3014,"wash_vegetables_,_to",VerbComplex,64,myć warzywa,impf,gotowanie i obróbka żywności,gotowanie,przygotowanie składników,przygotowanie-skladnikow,contact,
3026,"water_plants_,_to",VerbComplex,20,podlewać rośliny,impf,prace domowe i ogrodowe,prace-domowe-i-ogrodowe,ogród i drewno,ogrod-i-drewno,contact,
3040,"weigh_,_to",Verb,41,ważyć (na wadze szalkowej),impf,manipulowanie przedmiotami,manipulowanie-przedmiotami,pomiar,pomiar,contact,obraz: waga szalkowa
3058,"whisk_,_to",Verb,64,ubijać,impf,gotowanie i obróbka żywności,gotowanie,"mieszanie, nakładanie i dekorowanie",mieszanie-nakladanie-i-dekorowanie,contact,
3076,"wipe_table_,_to",VerbComplex,20,wycierać stół,impf,prace domowe i ogrodowe,prace-domowe-i-ogrodowe,dom i porządki,dom-i-porzadki,contact,
3087,"work_,_to",Verb,105,pracować,impf,praca,praca,,,social,
3093,"wrap_,_to",Verb,27,"pakować (w papier, z taśmą)",impf,manipulowanie przedmiotami,manipulowanie-przedmiotami,łączenie i rozdzielanie,laczenie-i-rozdzielanie,contact,obraz: pudełko i taśma klejąca
3120,"arrest_,_to",Verb,113,aresztować,impf,relacje społeczne i opieka,relacje-i-opieka,konflikt i przemoc,konflikt-i-przemoc,social,
3121,"ask_,_to",Verb,113,pytać,impf,komunikacja,komunikacja,,,communication,
3122,"attract_,_to",Verb,113,przyciągać (przywoływać gestem),impf,komunikacja,komunikacja,,,communication,obraz: dłoń przywołująca palcami; ten sam gest co w come
3123,"bend_,_to",Verb,113,schylać się,impf,postawa i czynności ciała,postawa-i-czynnosci-ciala,,,body,"obraz: postać pochylona w pasie, nie zginanie przedmiotu"
3124,"bend_2_,_to",Verb,113,schylać się,impf,postawa i czynności ciała,postawa-i-czynnosci-ciala,,,body,obraz: postać pochylona w pasie
3125,"bite_,_to",Verb,113,gryźć,impf,postawa i czynności ciała,postawa-i-czynnosci-ciala,,,body,
3126,"blink_,_to",Verb,113,mrugać,impf,postawa i czynności ciała,postawa-i-czynnosci-ciala,,,body,
3127,"blow_,_to",Verb,113,dmuchać,impf,postawa i czynności ciała,postawa-i-czynnosci-ciala,,,body,
3128,"blow_kiss_,_to",VerbComplex,113,posyłać buziaka,impf,relacje społeczne i opieka,relacje-i-opieka,kontakt fizyczny i gesty,kontakt-fizyczny-i-gesty,social,
3129,"bounce_,_to",Verb,113,podskakiwać,impf,ruch,ruch,skoki i obroty,skoki-i-obroty,motion,
3130,"bounce_ball_,_to",VerbComplex,113,odbijać piłkę,impf,"gra, sport i wypoczynek",gra-sport-wypoczynek,sport i ćwiczenia,sport-i-cwiczenia,competition,
3131,"box_,_to",Verb,113,boksować się,impf,"gra, sport i wypoczynek",gra-sport-wypoczynek,sport i ćwiczenia,sport-i-cwiczenia,competition,
3132,"bring_,_to",Verb,113,przynosić,impf,dawanie i posiadanie,dawanie-i-posiadanie,,,possession,
3133,"build_,_to",Verb,113,budować (z klocków),impf,tworzenie i rzemiosło,tworzenie,,,creation,
3134,"burn_2_,_to",Verb,113,oparzyć się,pf,zmiana stanu,zmiana-stanu,przemiany,przemiany,body,obraz: dłoń nad płomieniem; nie „palić się” o ogniu
3135,"call_out_,_to",VerbComplex,113,wołać,impf,komunikacja,komunikacja,,,communication,
3136,"camp_,_to",Verb,113,biwakować,impf,"gra, sport i wypoczynek",gra-sport-wypoczynek,na świeżym powietrzu,na-swiezym-powietrzu,motion,
3137,"carry_,_to",Verb,113,nieść (torbę),impf,manipulowanie przedmiotami,manipulowanie-przedmiotami,chwytanie i trzymanie,chwytanie-i-trzymanie,contact,obraz: dłoń trzymająca torbę za uchwyt; czasownik ruchu (nosić / nieść)
3138,"carry_books_,_to",VerbComplex,113,nosić książki,impf,manipulowanie przedmiotami,manipulowanie-przedmiotami,chwytanie i trzymanie,chwytanie-i-trzymanie,contact,
3139,"carve_meat_,_to",VerbComplex,113,kroić mięso,impf,gotowanie i obróbka żywności,gotowanie,przygotowanie składników,przygotowanie-skladnikow,contact,
3140,"carve_wood_,_to",VerbComplex,113,rzeźbić w drewnie,impf,tworzenie i rzemiosło,tworzenie,,,creation,
3141,"catch_,_to",Verb,113,łapać,impf,manipulowanie przedmiotami,manipulowanie-przedmiotami,chwytanie i trzymanie,chwytanie-i-trzymanie,contact,
3142,"catch_2_,_to",Verb,113,łapać,impf,manipulowanie przedmiotami,manipulowanie-przedmiotami,chwytanie i trzymanie,chwytanie-i-trzymanie,contact,wariant obrazu
3143,"celebrate_1_,_to",Verb,113,świętować (urodziny),impf,relacje społeczne i opieka,relacje-i-opieka,rytuał i święto,rytual-i-swieto,social,"obraz: balon, prezent, tort"
3144,"change_,_to",Verb,113,zmieniać,impf,zmiana stanu,zmiana-stanu,przemiany,przemiany,change,
3145,"change_clothes_,_to",VerbComplex,113,przebierać się,impf,higiena i ubieranie się,higiena-i-ubieranie,ubieranie i rozbieranie,ubieranie-i-rozbieranie,body,
3146,"change_mind_,_to",VerbComplex,113,zmieniać zdanie,impf,poznanie i percepcja,poznanie-i-percepcja,,,cognition,
3147,"change_weather_,_to",VerbComplex,113,zmieniać się (o pogodzie),impf,zmiana stanu,zmiana-stanu,przemiany,przemiany,change,o pogodzie
3148,"chase_,_to",Verb,113,gonić,impf,ruch,ruch,"chodzenie, bieg i wspinaczka",chodzenie-bieg-i-wspinaczka,motion,
3149,"cheat_,_to",Verb,113,ściągać (oszukiwać na sprawdzianie),impf,relacje społeczne i opieka,relacje-i-opieka,życie społeczne,zycie-spoleczne,social,obraz: dwoje dzieci spoglądających na cudzą kartkę
3150,"chew_,_to",Verb,113,żuć,impf,jedzenie i picie,jedzenie-i-picie,,,consumption,
3151,"choke_,_to",Verb,113,dławić się,impf,postawa i czynności ciała,postawa-i-czynnosci-ciala,,,body,
3152,"chop_wood_,_to",VerbComplex,113,rąbać drewno,impf,prace domowe i ogrodowe,prace-domowe-i-ogrodowe,ogród i drewno,ogrod-i-drewno,contact,
3153,"clap_hands_,_to",VerbComplex,113,klaskać,impf,postawa i czynności ciała,postawa-i-czynnosci-ciala,,,body,
3154,"climb_down_,_to",VerbComplex,113,schodzić (po drabinie lub linie),impf,ruch,ruch,"chodzenie, bieg i wspinaczka",chodzenie-bieg-i-wspinaczka,motion,obraz: postać na drabinie ze strzałką w dół
3155,"climb_tree_,_to",VerbComplex,113,wspinać się na drzewo,impf,ruch,ruch,"chodzenie, bieg i wspinaczka",chodzenie-bieg-i-wspinaczka,motion,
3156,"climb_up_,_to",VerbComplex,113,wspinać się,impf,ruch,ruch,"chodzenie, bieg i wspinaczka",chodzenie-bieg-i-wspinaczka,motion,
3157,"close_,_to",Verb,113,zamykać,impf,zmiana stanu,zmiana-stanu,otwieranie i zamykanie,otwieranie-i-zamykanie,contact,
3158,"close_door_,_to",Verb,113,zamykać drzwi,impf,zmiana stanu,zmiana-stanu,otwieranie i zamykanie,otwieranie-i-zamykanie,contact,
3159,"collect_,_to",Verb,113,odbierać (przesyłkę),impf,dawanie i posiadanie,dawanie-i-posiadanie,,,possession,obraz: osoba odbiera pudełko od drugiej przez ladę
3160,"come_,_to",Verb,113,przychodzić (gest „chodź tu”),impf,ruch,ruch,"chodzenie, bieg i wspinaczka",chodzenie-bieg-i-wspinaczka,motion,obraz: dłoń przywołująca
3161,"communicate_,_to",Verb,113,komunikować się,impf,komunikacja,komunikacja,,,communication,
3163,"copy_,_to",Verb,113,kopiować (dokument),impf,obsługa urządzeń,obsluga-urzadzen,,,contact,obraz: dwa identyczne dokumenty
3164,"count_,_to",Verb,113,liczyć,impf,poznanie i percepcja,poznanie-i-percepcja,,,cognition,
3165,"count_2_,_to",Verb,113,liczyć,impf,poznanie i percepcja,poznanie-i-percepcja,,,cognition,wariant obrazu
3166,"crawl_,_to",Verb,113,czołgać się,impf,ruch,ruch,"chodzenie, bieg i wspinaczka",chodzenie-bieg-i-wspinaczka,motion,u niemowląt: raczkować
3167,"cross_fingers_,_to",VerbComplex,113,krzyżować palce,impf,postawa i czynności ciała,postawa-i-czynnosci-ciala,,,body,gest kulturowy; polski odpowiednik idiomatyczny to trzymać kciuki (inny gest)
3168,"crouch_,_to",Verb,113,kucać,impf,postawa i czynności ciała,postawa-i-czynnosci-ciala,,,body,
3169,"crumple_paper_,_to",VerbComplex,113,zgniatać papier,impf,manipulowanie przedmiotami,manipulowanie-przedmiotami,łączenie i rozdzielanie,laczenie-i-rozdzielanie,contact,
3170,"cut_,_to",Verb,113,ciąć,impf,manipulowanie przedmiotami,manipulowanie-przedmiotami,łączenie i rozdzielanie,laczenie-i-rozdzielanie,contact,
3171,"cut_with_scissors_,_to",VerbComplex,113,ciąć nożyczkami,impf,manipulowanie przedmiotami,manipulowanie-przedmiotami,łączenie i rozdzielanie,laczenie-i-rozdzielanie,contact,
3172,"dance_,_to",Verb,113,tańczyć,impf,"gra, sport i wypoczynek",gra-sport-wypoczynek,taniec i śpiew,taniec-i-spiew,creation,
3173,"dance_2_,_to",Verb,113,tańczyć (taniec towarzyski),impf,"gra, sport i wypoczynek",gra-sport-wypoczynek,taniec i śpiew,taniec-i-spiew,creation,obraz: para w stroju balowym
3174,"dance_3_,_to",Verb,113,tańczyć w parze,impf,"gra, sport i wypoczynek",gra-sport-wypoczynek,taniec i śpiew,taniec-i-spiew,creation,obraz: para trzymająca się za ręce
3175,"daydream_,_to",Verb,113,marzyć,impf,poznanie i percepcja,poznanie-i-percepcja,,,cognition,
3176,"decorate_,_to",Verb,113,dekorować (malować ścianę wałkiem),impf,tworzenie i rzemiosło,tworzenie,,,creation,"obraz: malowanie ściany wałkiem; w brytyjskim angielskim „decorate” obejmuje remont, ale polski odpowiednik zachowano jako „dekorować” (decyzja Elki)"
3177,"deliver_,_to",Verb,113,dostarczać,impf,dawanie i posiadanie,dawanie-i-posiadanie,,,possession,
3178,"deliver_2_,_to",Verb,113,dostarczać,impf,dawanie i posiadanie,dawanie-i-posiadanie,,,possession,wariant obrazu
3179,"dial_,_to",Verb,113,wybierać numer,impf,obsługa urządzeń,obsluga-urzadzen,,,contact,
3180,"die_,_to",Verb,113,umierać,impf,odpoczynek i stany,odpoczynek-i-stany,,,body,
3181,"dig_,_to",Verb,113,kopać łopatą,impf,prace domowe i ogrodowe,prace-domowe-i-ogrodowe,ogród i drewno,ogrod-i-drewno,contact,polski homonim z kick: kopać piłkę / kopać dół
3182,"dig_2_,_to",Verb,113,kopać łopatą,impf,prace domowe i ogrodowe,prace-domowe-i-ogrodowe,ogród i drewno,ogrod-i-drewno,contact,wariant obrazu
3183,"dive_,_to",Verb,113,skakać do wody,impf,"gra, sport i wypoczynek",gra-sport-wypoczynek,sport i ćwiczenia,sport-i-cwiczenia,competition,obraz: skok z trampoliny do wody (nie nurkowanie z akwalungiem)
3184,"download_,_to",Verb,113,pobierać,impf,obsługa urządzeń,obsluga-urzadzen,,,contact,
3185,"draw_,_to",Verb,113,rysować,impf,tworzenie i rzemiosło,tworzenie,,,creation,
3186,"dream_,_to",Verb,113,śnić,impf,odpoczynek i stany,odpoczynek-i-stany,,,cognition,
3187,"drink_2_,_to",Verb,113,pić,impf,jedzenie i picie,jedzenie-i-picie,,,consumption,wariant obrazu
3188,"drink_3_,_to",Verb,113,pić,impf,jedzenie i picie,jedzenie-i-picie,,,consumption,wariant obrazu
3189,"drip_,_to",Verb,113,kapać,impf,zmiana stanu,zmiana-stanu,"ciecze, ubytek i opadanie",ciecze-ubytek-i-opadanie,motion,
3190,"drive_,_to",Verb,113,prowadzić samochód,impf,ruch,ruch,pojazdy i pływanie,pojazdy-i-plywanie,motion,czasownik ruchu (prowadzić / jeździć)
3191,"drown_,_to",Verb,113,topić się (o człowieku),impf,zmiana stanu,zmiana-stanu,"ciecze, ubytek i opadanie",ciecze-ubytek-i-opadanie,motion,obraz: osoba w wodzie z uniesioną ręką
3192,"eat_,_to",Verb,113,jeść,impf,jedzenie i picie,jedzenie-i-picie,,,consumption,
3193,"eat_1_,_to",Verb,113,jeść,impf,jedzenie i picie,jedzenie-i-picie,,,consumption,wariant obrazu
3194,"eat_2_,_to",Verb,113,jeść (owoc),impf,jedzenie i picie,jedzenie-i-picie,,,consumption,obraz: wiśnia lub jagoda podnoszona do ust
3195,"escape_,_to",Verb,113,uciekać,impf,ruch,ruch,"chodzenie, bieg i wspinaczka",chodzenie-bieg-i-wspinaczka,motion,
3196,"fall_off_,_to",VerbComplex,113,spadać (z wysokości),impf,ruch,ruch,ślizganie i upadek,slizganie-i-upadek,motion,
3197,"fall_over_,_to",VerbComplex,113,przewracać się,impf,ruch,ruch,ślizganie i upadek,slizganie-i-upadek,motion,
3198,"fasten_,_to",Verb,113,zapinać (klamrę),impf,manipulowanie przedmiotami,manipulowanie-przedmiotami,łączenie i rozdzielanie,laczenie-i-rozdzielanie,contact,obraz: dwie części klamry łączone dłońmi
3199,"feed_someone_,_to",VerbComplex,113,karmić kogoś,impf,relacje społeczne i opieka,relacje-i-opieka,opieka nad ludźmi,opieka-nad-ludzmi,social,
3200,"feed_someone_2_,_to",VerbComplex,113,karmić kogoś,impf,relacje społeczne i opieka,relacje-i-opieka,opieka nad ludźmi,opieka-nad-ludzmi,social,wariant obrazu
3201,"fight_,_to",Verb,113,bić się,impf,relacje społeczne i opieka,relacje-i-opieka,konflikt i przemoc,konflikt-i-przemoc,social,
3202,"file_metal_,_to",VerbComplex,113,pilnikować metal,impf,tworzenie i rzemiosło,tworzenie,,,creation,
3203,"file_wood_,_to",VerbComplex,113,pilnikować drewno,impf,tworzenie i rzemiosło,tworzenie,,,creation,
3204,"fill_2_,_to",Verb,113,napełniać,impf,zmiana stanu,zmiana-stanu,"ciecze, ubytek i opadanie",ciecze-ubytek-i-opadanie,change,
3205,"find_,_to",Verb,113,znaleźć,pf,dawanie i posiadanie,dawanie-i-posiadanie,,,possession,forma dokonana jako naturalna forma cytowania
3206,"flip_coin_,_to",VerbComplex,113,rzucać monetą,impf,"gra, sport i wypoczynek",gra-sport-wypoczynek,zabawa i gry,zabawa-i-gry,competition,
3209,"get_,_to",Verb,113,dostawać,impf,dawanie i posiadanie,dawanie-i-posiadanie,,,possession,
3210,"get_off_bus_,_to",VerbComplex,113,wysiadać z autobusu,impf,ruch,ruch,pojazdy i pływanie,pojazdy-i-plywanie,motion,
3211,"get_on_bus_,_to",VerbComplex,113,wsiadać do autobusu,impf,ruch,ruch,pojazdy i pływanie,pojazdy-i-plywanie,motion,
3212,"get_out_of_chair_,_to",VerbComplex,113,wstawać z krzesła,impf,postawa i czynności ciała,postawa-i-czynnosci-ciala,,,body,
3213,"get_up_,_to",VerbComplex,113,podnosić się (z leżenia),impf,postawa i czynności ciała,postawa-i-czynnosci-ciala,,,body,obraz: postać podnosząca się z pozycji leżącej
3214,"get_up_2_,_to",VerbComplex,113,wstawać (z siedzenia),impf,postawa i czynności ciała,postawa-i-czynnosci-ciala,,,body,obraz: postać wstająca z pozycji siedzącej
3215,"give_,_to",Verb,113,dawać,impf,dawanie i posiadanie,dawanie-i-posiadanie,,,possession,
3216,"give_up_cake_,_to",VerbComplex,113,rezygnować z ciasta,impf,jedzenie i picie,jedzenie-i-picie,,,consumption,
3217,"give_up_foods_,_to",VerbComplex,113,rezygnować z niektórych potraw,impf,jedzenie i picie,jedzenie-i-picie,,,consumption,
3218,"go_,_to",Verb,113,iść,impf,ruch,ruch,"chodzenie, bieg i wspinaczka",chodzenie-bieg-i-wspinaczka,motion,czasownik ruchu (iść / chodzić)
3219,"go_in_,_to",VerbComplex,113,wchodzić,impf,ruch,ruch,wchodzenie i wychodzenie,wchodzenie-i-wychodzenie,motion,
3220,"go_outside_,_to",VerbComplex,113,wychodzić na zewnątrz,impf,ruch,ruch,wchodzenie i wychodzenie,wchodzenie-i-wychodzenie,motion,
3221,"go_out_2_,_to",VerbComplex,113,wychodzić,impf,ruch,ruch,wchodzenie i wychodzenie,wchodzenie-i-wychodzenie,motion,wariant obrazu
3222,"grab_,_to",Verb,113,chwytać (za nadgarstek),impf,manipulowanie przedmiotami,manipulowanie-przedmiotami,chwytanie i trzymanie,chwytanie-i-trzymanie,contact,obraz: dłoń chwytająca drugą dłoń
3223,"grab_1_,_to",Verb,113,chwytać,impf,manipulowanie przedmiotami,manipulowanie-przedmiotami,chwytanie i trzymanie,chwytanie-i-trzymanie,contact,wariant obrazu
3224,"grow_,_to",Verb,113,rosnąć (dorastać),impf,zmiana stanu,zmiana-stanu,przemiany,przemiany,change,"obraz: niemowlę, dziecko, dorosły"
3225,"grow_2_,_to",Verb,113,rosnąć (roślina),impf,zmiana stanu,zmiana-stanu,przemiany,przemiany,change,obraz: kiełek i słońce
3226,"grow_hair_,_to",VerbComplex,113,zapuszczać włosy,impf,higiena i ubieranie się,higiena-i-ubieranie,"pielęgnacja włosów, paznokci i wyglądu",pielegnacja-wlosow-paznokci-i-wygladu,body,
3227,"grow_hair_2_,_to",VerbComplex,113,zapuszczać włosy,impf,higiena i ubieranie się,higiena-i-ubieranie,"pielęgnacja włosów, paznokci i wyglądu",pielegnacja-wlosow-paznokci-i-wygladu,body,wariant obrazu
3228,"guess_,_to",Verb,113,zgadywać,impf,poznanie i percepcja,poznanie-i-percepcja,,,cognition,
3229,"hang_,_to",Verb,113,wisieć (na drążku),impf,postawa i czynności ciała,postawa-i-czynnosci-ciala,,,contact,obraz: osoba zwisająca z drążka; nie wieszanie przedmiotu
3230,"hang_coat_,_to",VerbComplex,113,wieszać płaszcz,impf,prace domowe i ogrodowe,prace-domowe-i-ogrodowe,dom i porządki,dom-i-porzadki,contact,
3231,"hatch_,_to",Verb,113,wykluwać się,impf,zmiana stanu,zmiana-stanu,przemiany,przemiany,change,
3232,"help_,_to",Verb,113,pomagać,impf,relacje społeczne i opieka,relacje-i-opieka,opieka nad ludźmi,opieka-nad-ludzmi,social,
3233,"hike_,_to",Verb,113,wędrować,impf,"gra, sport i wypoczynek",gra-sport-wypoczynek,na świeżym powietrzu,na-swiezym-powietrzu,motion,
3234,"hike_2_,_to",Verb,113,wędrować,impf,"gra, sport i wypoczynek",gra-sport-wypoczynek,na świeżym powietrzu,na-swiezym-powietrzu,motion,wariant obrazu
3235,"hit_,_to",Verb,113,uderzać,impf,manipulowanie przedmiotami,manipulowanie-przedmiotami,uderzanie i dotykanie,uderzanie-i-dotykanie,contact,
3236,"hit_something_,_to",VerbComplex,113,uderzać w coś,impf,manipulowanie przedmiotami,manipulowanie-przedmiotami,uderzanie i dotykanie,uderzanie-i-dotykanie,contact,
3237,"hold_,_to",Verb,113,trzymać,impf,manipulowanie przedmiotami,manipulowanie-przedmiotami,chwytanie i trzymanie,chwytanie-i-trzymanie,contact,
3238,"hold_hands_,_to",VerbComplex,113,trzymać się za ręce,impf,relacje społeczne i opieka,relacje-i-opieka,kontakt fizyczny i gesty,kontakt-fizyczny-i-gesty,contact,
3239,"hold_sledge_hammer_,_to",VerbComplex,113,trzymać młot kowalski,impf,manipulowanie przedmiotami,manipulowanie-przedmiotami,chwytanie i trzymanie,chwytanie-i-trzymanie,contact,
3240,"hop_,_to",Verb,113,skakać na jednej nodze,impf,ruch,ruch,skoki i obroty,skoki-i-obroty,motion,
3241,"hop_2_,_to",Verb,113,skakać po kafelkach (w klasy),impf,ruch,ruch,skoki i obroty,skoki-i-obroty,motion,obraz: postać skacząca po płytkach
3242,"hug_,_to",Verb,113,przytulać,impf,relacje społeczne i opieka,relacje-i-opieka,kontakt fizyczny i gesty,kontakt-fizyczny-i-gesty,contact,
3243,"hunt_,_to",Verb,113,polować,impf,"gra, sport i wypoczynek",gra-sport-wypoczynek,na świeżym powietrzu,na-swiezym-powietrzu,competition,
3244,"insert_,_to",Verb,113,wsuwać (kartkę w szczelinę),impf,manipulowanie przedmiotami,manipulowanie-przedmiotami,przemieszczanie przedmiotów,przemieszczanie-przedmiotow,motion,
3245,"jog_,_to",Verb,113,biegać rekreacyjnie,impf,ruch,ruch,"chodzenie, bieg i wspinaczka",chodzenie-bieg-i-wspinaczka,motion,
3246,"join_,_to",Verb,113,dołączać (do grupy),impf,relacje społeczne i opieka,relacje-i-opieka,życie społeczne,zycie-spoleczne,contact,obraz: osoba dołącza do dwóch innych
3247,"join_2_,_to",Verb,113,łączyć się w grupę,impf,relacje społeczne i opieka,relacje-i-opieka,życie społeczne,zycie-spoleczne,contact,obraz: trzy osoby w jednym kręgu
3248,join_3,Verb,113,łączyć (elementy konstrukcji),impf,manipulowanie przedmiotami,manipulowanie-przedmiotami,łączenie i rozdzielanie,laczenie-i-rozdzielanie,contact,"obraz: złącze narożne skrzyni; brak sufiksu _,_to w nazwie pliku"
3249,"jump_,_to",Verb,113,skakać,impf,ruch,ruch,skoki i obroty,skoki-i-obroty,motion,
3250,"jump_2_,_to",Verb,113,skakać (z wysokości),impf,ruch,ruch,skoki i obroty,skoki-i-obroty,motion,obraz: postać skacząca ze skosu
3251,"keep_,_to",Verb,113,zachowywać,impf,dawanie i posiadanie,dawanie-i-posiadanie,,,possession,
3252,"kick_ball_,_to",VerbComplex,113,kopać piłkę,impf,"gra, sport i wypoczynek",gra-sport-wypoczynek,sport i ćwiczenia,sport-i-cwiczenia,competition,
3253,"kick_person_,_to",VerbComplex,113,kopać kogoś,impf,relacje społeczne i opieka,relacje-i-opieka,konflikt i przemoc,konflikt-i-przemoc,contact,
3254,"kick_swimming_,_to",VerbComplex,113,machać nogami w wodzie,impf,"gra, sport i wypoczynek",gra-sport-wypoczynek,sport i ćwiczenia,sport-i-cwiczenia,competition,
3255,"kill_,_to",Verb,113,zabijać,impf,relacje społeczne i opieka,relacje-i-opieka,konflikt i przemoc,konflikt-i-przemoc,social,
3256,"knit_,_to",Verb,113,robić na drutach,impf,tworzenie i rzemiosło,tworzenie,,,creation,
3257,"knock_,_to",Verb,113,pukać,impf,manipulowanie przedmiotami,manipulowanie-przedmiotami,uderzanie i dotykanie,uderzanie-i-dotykanie,contact,
3258,"knock_down_,_to",VerbComplex,113,przewracać (młotkiem),impf,manipulowanie przedmiotami,manipulowanie-przedmiotami,przemieszczanie przedmiotów,przemieszczanie-przedmiotow,motion,obraz: młotek burzy wieżę z cegieł
3259,"lie_on_back_,_to",VerbComplex,113,leżeć na plecach,impf,postawa i czynności ciała,postawa-i-czynnosci-ciala,,,body,
3260,"look_,_to",Verb,113,patrzeć,impf,poznanie i percepcja,poznanie-i-percepcja,,,perception,
3261,"make_,_to",Verb,113,majsterkować,impf,tworzenie i rzemiosło,tworzenie,,,creation,obraz: osoba klei pudełko
3262,"meet_,_to",Verb,113,spotykać się,impf,relacje społeczne i opieka,relacje-i-opieka,życie społeczne,zycie-spoleczne,social,obraz: dwie osoby podchodzą do trzeciej
3263,"miss_bus_,_to",VerbComplex,113,spóźnić się na autobus,pf,ruch,ruch,pojazdy i pływanie,pojazdy-i-plywanie,motion,forma dokonana jako naturalna forma cytowania
3264,"move_,_to",Verb,113,poruszać się,impf,ruch,ruch,"chodzenie, bieg i wspinaczka",chodzenie-bieg-i-wspinaczka,motion,
3265,"nod_,_to",Verb,113,kiwać głową,impf,postawa i czynności ciała,postawa-i-czynnosci-ciala,,,body,
3266,"open_,_to",Verb,113,otwierać (słoik),impf,zmiana stanu,zmiana-stanu,otwieranie i zamykanie,otwieranie-i-zamykanie,contact,obraz: dłoń odkręca pokrywkę słoika
3267,"open_2_,_to",Verb,113,otwierać (pudełko),impf,zmiana stanu,zmiana-stanu,otwieranie i zamykanie,otwieranie-i-zamykanie,contact,obraz: dłoń otwiera klapę pudełka
3268,"open_door_,_to",VerbComplex,113,otwierać drzwi (klamką),impf,zmiana stanu,zmiana-stanu,otwieranie i zamykanie,otwieranie-i-zamykanie,contact,obraz: dłoń na klamce
3269,"open_door_1_,_to",VerbComplex,113,otwierać drzwi,impf,zmiana stanu,zmiana-stanu,otwieranie i zamykanie,otwieranie-i-zamykanie,contact,wariant obrazu
3270,"open_door_2_,_to",VerbComplex,113,otwierać drzwi,impf,zmiana stanu,zmiana-stanu,otwieranie i zamykanie,otwieranie-i-zamykanie,contact,wariant obrazu
3271,"order_1_,_to",Verb,113,zamawiać,impf,dawanie i posiadanie,dawanie-i-posiadanie,,,possession,obraz: lista zamówienia
3272,"order_2_,_to",Verb,113,rozkazywać,impf,komunikacja,komunikacja,,,communication,obraz: osoba wydająca polecenie ustnie
3273,"pack_suitcase_,_to",VerbComplex,113,pakować walizkę,impf,prace domowe i ogrodowe,prace-domowe-i-ogrodowe,dom i porządki,dom-i-porzadki,contact,
3274,"paint_,_to",Verb,113,malować,impf,tworzenie i rzemiosło,tworzenie,,,creation,
3275,"paint_1_,_to",Verb,113,malować,impf,tworzenie i rzemiosło,tworzenie,,,creation,wariant obrazu
3276,"paint_2_,_to",Verb,113,malować,impf,tworzenie i rzemiosło,tworzenie,,,creation,wariant obrazu
3277,"park_,_to",Verb,113,parkować,impf,ruch,ruch,pojazdy i pływanie,pojazdy-i-plywanie,motion,
3278,"pat_dog_,_to",VerbComplex,113,głaskać psa,impf,relacje społeczne i opieka,relacje-i-opieka,opieka nad zwierzętami,opieka-nad-zwierzetami,contact,
3279,"peel_orange_,_to",VerbComplex,113,obierać pomarańczę,impf,gotowanie i obróbka żywności,gotowanie,przygotowanie składników,przygotowanie-skladnikow,contact,
3280,"pick_,_to",Verb,113,wybierać,impf,dawanie i posiadanie,dawanie-i-posiadanie,,,possession,obraz: dłoń wybierająca jeden z dwóch kwadratów
3281,"pick_up_,_to",VerbComplex,113,podnosić,impf,manipulowanie przedmiotami,manipulowanie-przedmiotami,chwytanie i trzymanie,chwytanie-i-trzymanie,contact,
3282,"plant_,_to",Verb,113,sadzić,impf,prace domowe i ogrodowe,prace-domowe-i-ogrodowe,ogród i drewno,ogrod-i-drewno,contact,
3283,"play_,_to",Verb,113,bawić się,impf,"gra, sport i wypoczynek",gra-sport-wypoczynek,zabawa i gry,zabawa-i-gry,competition,
3284,"plough_,_to",Verb,113,orać,impf,prace domowe i ogrodowe,prace-domowe-i-ogrodowe,ogród i drewno,ogrod-i-drewno,contact,
3285,"pluck_,_to",Verb,113,wyskubywać brwi,impf,higiena i ubieranie się,higiena-i-ubieranie,"pielęgnacja włosów, paznokci i wyglądu",pielegnacja-wlosow-paznokci-i-wygladu,body,obraz: oko i pęseta przy brwi
3286,"post_letter_,_to",VerbComplex,113,wysyłać list,impf,komunikacja,komunikacja,,,communication,
3287,"pour_,_to",Verb,113,nalewać,impf,manipulowanie przedmiotami,manipulowanie-przedmiotami,płyny i powierzchnie,plyny-i-powierzchnie,contact,
3288,"pray_2_,_to",Verb,113,modlić się,impf,relacje społeczne i opieka,relacje-i-opieka,rytuał i święto,rytual-i-swieto,social,wariant obrazu
3289,"press_button_,_to",VerbComplex,113,naciskać przycisk,impf,obsługa urządzeń,obsluga-urzadzen,,,contact,
3290,"prop_up_,_to",VerbComplex,113,podpierać (osobę),impf,manipulowanie przedmiotami,manipulowanie-przedmiotami,przemieszczanie przedmiotów,przemieszczanie-przedmiotow,motion,obraz: jedna osoba podtrzymuje drugą
3291,"protect_,_to",Verb,113,chronić,impf,relacje społeczne i opieka,relacje-i-opieka,opieka nad ludźmi,opieka-nad-ludzmi,social,
3292,"pull_,_to",Verb,113,ciągnąć,impf,manipulowanie przedmiotami,manipulowanie-przedmiotami,przemieszczanie przedmiotów,przemieszczanie-przedmiotow,motion,
3293,"pull_2_,_to",Verb,113,ciągnąć,impf,manipulowanie przedmiotami,manipulowanie-przedmiotami,przemieszczanie przedmiotów,przemieszczanie-przedmiotow,motion,wariant obrazu
3294,"push_,_to",Verb,113,pchać,impf,manipulowanie przedmiotami,manipulowanie-przedmiotami,przemieszczanie przedmiotów,przemieszczanie-przedmiotow,motion,
3295,"push_2_,_to",Verb,113,pchać,impf,manipulowanie przedmiotami,manipulowanie-przedmiotami,przemieszczanie przedmiotów,przemieszczanie-przedmiotow,motion,wariant obrazu
3296,"push_down_,_to",VerbComplex,113,wciskać,impf,manipulowanie przedmiotami,manipulowanie-przedmiotami,przemieszczanie przedmiotów,przemieszczanie-przedmiotow,motion,
3297,"put_,_to",Verb,113,kłaść,impf,manipulowanie przedmiotami,manipulowanie-przedmiotami,przemieszczanie przedmiotów,przemieszczanie-przedmiotow,motion,
3298,"put_away_,_to",VerbComplex,113,odkładać na miejsce,impf,prace domowe i ogrodowe,prace-domowe-i-ogrodowe,dom i porządki,dom-i-porzadki,contact,
3299,"put_in_,_to",VerbComplex,113,wkładać,impf,manipulowanie przedmiotami,manipulowanie-przedmiotami,przemieszczanie przedmiotów,przemieszczanie-przedmiotow,motion,
3300,"put_in_cassette_tape_,_to",VerbComplex,113,wkładać kasetę,impf,obsługa urządzeń,obsluga-urzadzen,,,contact,
3301,"put_in_cd_dvd_,_to",VerbComplex,113,wkładać płytę,impf,obsługa urządzeń,obsluga-urzadzen,,,contact,
3302,"put_in_contact_lens_,_to",VerbComplex,113,zakładać soczewkę kontaktową,impf,higiena i ubieranie się,higiena-i-ubieranie,"pielęgnacja włosów, paznokci i wyglądu",pielegnacja-wlosow-paznokci-i-wygladu,body,
3303,"put_on_helmet_,_to",VerbComplex,113,zakładać kask,impf,higiena i ubieranie się,higiena-i-ubieranie,ubieranie i rozbieranie,ubieranie-i-rozbieranie,body,
3304,"put_on_lid_,_to",VerbComplex,113,zakładać pokrywkę,impf,gotowanie i obróbka żywności,gotowanie,podawanie i przykrywanie,podawanie-i-przykrywanie,motion,
3305,"queue_,_to",Verb,113,stać w kolejce,impf,relacje społeczne i opieka,relacje-i-opieka,życie społeczne,zycie-spoleczne,social,
3306,"raise_feet_,_to",VerbComplex,113,unosić nogi,impf,postawa i czynności ciała,postawa-i-czynnosci-ciala,,,body,obraz: leżąca postać z uniesionymi nogami
3307,"raise_head_,_to",VerbComplex,113,unosić głowę,impf,postawa i czynności ciała,postawa-i-czynnosci-ciala,,,body,
3308,"rake_2_,_to",Verb,113,grabić,impf,prace domowe i ogrodowe,prace-domowe-i-ogrodowe,ogród i drewno,ogrod-i-drewno,contact,
3309,"reach_for_,_to",VerbComplex,113,sięgać po coś,impf,manipulowanie przedmiotami,manipulowanie-przedmiotami,chwytanie i trzymanie,chwytanie-i-trzymanie,contact,
3310,"read_,_to",Verb,113,czytać,impf,poznanie i percepcja,poznanie-i-percepcja,,,cognition,
3311,"read_2_,_to",Verb,113,czytać,impf,poznanie i percepcja,poznanie-i-percepcja,,,cognition,wariant obrazu
3312,"read_3_,_to",Verb,113,czytać,impf,poznanie i percepcja,poznanie-i-percepcja,,,cognition,wariant obrazu
3313,"read_book_,_to",VerbComplex,113,czytać książkę,impf,poznanie i percepcja,poznanie-i-percepcja,,,cognition,
3314,"receive_,_to",Verb,113,otrzymywać,impf,dawanie i posiadanie,dawanie-i-posiadanie,,,possession,
3315,"relax_,_to",Verb,113,relaksować się,impf,odpoczynek i stany,odpoczynek-i-stany,,,body,
3316,"relax_2_,_to",Verb,113,relaksować się,impf,odpoczynek i stany,odpoczynek-i-stany,,,body,wariant obrazu
3317,"remove_,_to",Verb,113,usuwać,impf,manipulowanie przedmiotami,manipulowanie-przedmiotami,przemieszczanie przedmiotów,przemieszczanie-przedmiotow,contact,
3318,"rest_,_to",Verb,113,odpoczywać,impf,odpoczynek i stany,odpoczynek-i-stany,,,body,
3319,"return_,_to",Verb,113,wracać,impf,ruch,ruch,"chodzenie, bieg i wspinaczka",chodzenie-bieg-i-wspinaczka,motion,obraz: strzałka powrotu ↵
3320,"return_book_,_to",VerbComplex,113,oddawać książkę,impf,dawanie i posiadanie,dawanie-i-posiadanie,,,possession,
3321,rewind,Verb,113,przewijać do tyłu,impf,obsługa urządzeń,obsluga-urzadzen,,,contact,"obraz: ikona ◀◀; brak sufiksu _,_to w nazwie pliku"
3322,"ride_car_,_to",VerbComplex,113,jechać samochodem,impf,ruch,ruch,pojazdy i pływanie,pojazdy-i-plywanie,motion,czasownik ruchu (jechać / jeździć)
3323,"ring_bell_,_to",VerbComplex,113,dzwonić dzwonkiem,impf,manipulowanie przedmiotami,manipulowanie-przedmiotami,uderzanie i dotykanie,uderzanie-i-dotykanie,contact,
3324,"ring_doorbell_,_to",VerbComplex,113,dzwonić do drzwi,impf,manipulowanie przedmiotami,manipulowanie-przedmiotami,uderzanie i dotykanie,uderzanie-i-dotykanie,contact,
3325,"rinse_,_to",Verb,113,płukać,impf,manipulowanie przedmiotami,manipulowanie-przedmiotami,płyny i powierzchnie,plyny-i-powierzchnie,contact,
3326,"rock_chair_,_to",VerbComplex,113,bujać się na krześle,impf,postawa i czynności ciała,postawa-i-czynnosci-ciala,,,body,
3327,"rollerskate_,_to",Verb,113,jeździć na wrotkach,impf,"gra, sport i wypoczynek",gra-sport-wypoczynek,sport i ćwiczenia,sport-i-cwiczenia,competition,
3328,"roll_dice_,_to",VerbComplex,113,rzucać kostką,impf,"gra, sport i wypoczynek",gra-sport-wypoczynek,zabawa i gry,zabawa-i-gry,competition,
3329,"roll_over_,_to",VerbComplex,113,przewracać się na bok,impf,postawa i czynności ciała,postawa-i-czynnosci-ciala,,,body,
3330,"rub_,_to",Verb,113,pocierać,impf,manipulowanie przedmiotami,manipulowanie-przedmiotami,uderzanie i dotykanie,uderzanie-i-dotykanie,contact,
3331,"scrub_,_to",Verb,113,szorować,impf,prace domowe i ogrodowe,prace-domowe-i-ogrodowe,dom i porządki,dom-i-porzadki,contact,
3332,"seal_envelope_,_to",VerbComplex,113,zaklejać kopertę,impf,manipulowanie przedmiotami,manipulowanie-przedmiotami,łączenie i rozdzielanie,laczenie-i-rozdzielanie,contact,
3333,"separate_,_to",Verb,113,rozdzielać,impf,manipulowanie przedmiotami,manipulowanie-przedmiotami,łączenie i rozdzielanie,laczenie-i-rozdzielanie,contact,
3334,"serve_2_,_to",Verb,113,podawać,impf,dawanie i posiadanie,dawanie-i-posiadanie,,,possession,wariant obrazu
3335,"set_table_,_to",VerbComplex,113,nakrywać do stołu,impf,prace domowe i ogrodowe,prace-domowe-i-ogrodowe,dom i porządki,dom-i-porzadki,contact,
3336,"sew_,_to",Verb,113,szyć,impf,tworzenie i rzemiosło,tworzenie,,,creation,
3337,"shake_,_to",Verb,113,trząść się,impf,postawa i czynności ciała,postawa-i-czynnosci-ciala,,,body,"obraz: postać z liniami drgań, bez przedmiotu; nie potrząsanie"
3338,"shake_hands_,_to",VerbComplex,113,podawać rękę,impf,relacje społeczne i opieka,relacje-i-opieka,kontakt fizyczny i gesty,kontakt-fizyczny-i-gesty,contact,
3339,"shake_something_,_to",VerbComplex,113,potrząsać czymś,impf,manipulowanie przedmiotami,manipulowanie-przedmiotami,uderzanie i dotykanie,uderzanie-i-dotykanie,contact,
3340,"share_,_to",Verb,113,dzielić się,impf,relacje społeczne i opieka,relacje-i-opieka,życie społeczne,zycie-spoleczne,social,obraz: grupa kropek rozdzielana na dwie części; alternatywnie: dzielić (na części)
3341,"sharpen_,_to",Verb,113,ostrzyć,impf,tworzenie i rzemiosło,tworzenie,,,creation,
3342,"shoot_,_to",Verb,113,strzelać (z broni),impf,"gra, sport i wypoczynek",gra-sport-wypoczynek,sport i ćwiczenia,sport-i-cwiczenia,competition,obraz: strzelec z fuzją
3343,"shout_,_to",Verb,113,krzyczeć,impf,komunikacja,komunikacja,,,communication,
3344,"show_me_,_to",VerbComplex,113,pokazywać,impf,komunikacja,komunikacja,,,communication,w oryginale prośba show me; rozważyć formę pokaż mi
3345,"sign_,_to",Verb,113,migać (znak dłońmi),impf,komunikacja,komunikacja,,,communication,"obraz: dwie dłonie z ruchem, bez długopisu i kartki; interpretacja: język migowy (nie podpisywanie)"
3346,"sing_,_to",Verb,113,śpiewać,impf,"gra, sport i wypoczynek",gra-sport-wypoczynek,taniec i śpiew,taniec-i-spiew,communication,
3347,"sink_,_to",Verb,113,tonąć (przedmiot),impf,zmiana stanu,zmiana-stanu,"ciecze, ubytek i opadanie",ciecze-ubytek-i-opadanie,motion,obraz: kula opada pod wodę
3348,"sink_2_,_to",Verb,113,tonąć (statek),impf,zmiana stanu,zmiana-stanu,"ciecze, ubytek i opadanie",ciecze-ubytek-i-opadanie,motion,obraz: zatapiający się statek
3349,"sit_,_to",Verb,113,siedzieć,impf,postawa i czynności ciała,postawa-i-czynnosci-ciala,,,body,"obraz: postać siedząca na krześle (stan, nie czynność siadania)"
3350,"sit_2_,_to",Verb,113,siedzieć,impf,postawa i czynności ciała,postawa-i-czynnosci-ciala,,,body,obraz: postać siedząca na krześle
3351,"sit_in_beanbag_,_to",VerbComplex,113,siedzieć w pufie,impf,postawa i czynności ciała,postawa-i-czynnosci-ciala,,,body,
3352,"sit_on_floor_,_to",VerbComplex,113,siedzieć na podłodze,impf,postawa i czynności ciała,postawa-i-czynnosci-ciala,,,body,
3353,"skate_,_to",Verb,113,jeździć na łyżwach,impf,"gra, sport i wypoczynek",gra-sport-wypoczynek,sport i ćwiczenia,sport-i-cwiczenia,competition,
3354,"skid_,_to",Verb,113,wpadać w poślizg,impf,ruch,ruch,ślizganie i upadek,slizganie-i-upadek,motion,obraz: samochód i ślady poślizgu
3355,"skip_,_to",Verb,113,skakać na skakance,impf,ruch,ruch,skoki i obroty,skoki-i-obroty,motion,obraz: osoba ze skakanką
3356,"sleep_female_,_to",VerbComplex,113,spać,impf,odpoczynek i stany,odpoczynek-i-stany,,,body,wariant obrazu: postać kobieca; polski bezokolicznik nie oddaje różnicy
3357,"sleep_male_,_to",VerbComplex,113,spać,impf,odpoczynek i stany,odpoczynek-i-stany,,,body,wariant obrazu: postać męska; polski bezokolicznik nie oddaje różnicy
3358,"sleep_on_side_,_to",VerbComplex,113,spać na boku,impf,odpoczynek i stany,odpoczynek-i-stany,,,body,
3359,"slide_,_to",Verb,113,ślizgać się,impf,ruch,ruch,ślizganie i upadek,slizganie-i-upadek,motion,"obraz: stopa z linią ruchu, nie zjeżdżalnia"
3360,"slide_backwards_,_to",VerbComplex,113,przesuwać się do tyłu (siedząc),impf,ruch,ruch,ślizganie i upadek,slizganie-i-upadek,motion,obraz: postać siedząca z strzałką w tył
3361,"slide_forwards_,_to",VerbComplex,113,przesuwać się do przodu (siedząc),impf,ruch,ruch,ślizganie i upadek,slizganie-i-upadek,motion,obraz: postać siedząca z strzałką w przód
3362,"smear_,_to",Verb,113,rozsmarowywać,impf,manipulowanie przedmiotami,manipulowanie-przedmiotami,płyny i powierzchnie,plyny-i-powierzchnie,contact,
3363,"smile_,_to",Verb,113,uśmiechać się,impf,postawa i czynności ciała,postawa-i-czynnosci-ciala,,,body,
3364,"sneak_,_to",Verb,113,skradać się,impf,ruch,ruch,"chodzenie, bieg i wspinaczka",chodzenie-bieg-i-wspinaczka,motion,
3365,"sort_,_to",Verb,113,sortować,impf,manipulowanie przedmiotami,manipulowanie-przedmiotami,łączenie i rozdzielanie,laczenie-i-rozdzielanie,contact,
3366,"spell_,_to",Verb,113,literować,impf,poznanie i percepcja,poznanie-i-percepcja,,,cognition,
3367,"spill_,_to",Verb,113,rozlewać,impf,zmiana stanu,zmiana-stanu,"ciecze, ubytek i opadanie",ciecze-ubytek-i-opadanie,motion,
3368,"spin_,_to",Verb,113,kręcić się (wokół własnej osi),impf,ruch,ruch,skoki i obroty,skoki-i-obroty,motion,obraz: postać z ruchem kołowym wokół talii
3369,"spray_,_to",Verb,113,spryskiwać,impf,manipulowanie przedmiotami,manipulowanie-przedmiotami,płyny i powierzchnie,plyny-i-powierzchnie,contact,
3370,"squeeze_,_to",Verb,113,ściskać,impf,manipulowanie przedmiotami,manipulowanie-przedmiotami,uderzanie i dotykanie,uderzanie-i-dotykanie,contact,
3371,"squirt_,_to",Verb,113,pryskać (strumieniem),impf,manipulowanie przedmiotami,manipulowanie-przedmiotami,płyny i powierzchnie,plyny-i-powierzchnie,contact,"obraz: ściskana butelka, z której tryska ciecz"
3372,"stamp_,_to",Verb,113,tupać,impf,postawa i czynności ciała,postawa-i-czynnosci-ciala,,,body,"obraz: nogi z strzałką w dół, bez pieczątki"
3373,"stand_,_to",Verb,113,stać,impf,postawa i czynności ciała,postawa-i-czynnosci-ciala,,,body,
3374,"steal_,_to",Verb,113,kraść,impf,relacje społeczne i opieka,relacje-i-opieka,konflikt i przemoc,konflikt-i-przemoc,social,
3375,"stir_,_to",Verb,113,mieszać,impf,gotowanie i obróbka żywności,gotowanie,"mieszanie, nakładanie i dekorowanie",mieszanie-nakladanie-i-dekorowanie,contact,
3376,"stretch_,_to",Verb,113,"rozciągać (gumę, taśmę)",impf,zmiana stanu,zmiana-stanu,przemiany,przemiany,change,obraz: dłonie rozciągają pręt lub taśmę; nie ćwiczenie ciała
3377,"stroke_2_,_to",Verb,113,głaskać (gest),impf,relacje społeczne i opieka,relacje-i-opieka,kontakt fizyczny i gesty,kontakt-fizyczny-i-gesty,contact,obraz: dłoń z liniami ruchu
3378,"study_,_to",Verb,113,uczyć się,impf,poznanie i percepcja,poznanie-i-percepcja,,,cognition,
3379,"swim_2_,_to",Verb,113,pływać,impf,ruch,ruch,pojazdy i pływanie,pojazdy-i-plywanie,motion,wariant obrazu
3380,"take_,_to",Verb,113,brać,impf,dawanie i posiadanie,dawanie-i-posiadanie,,,possession,
3381,"take_care_of_,_to",VerbComplex,113,opiekować się,impf,relacje społeczne i opieka,relacje-i-opieka,opieka nad ludźmi,opieka-nad-ludzmi,social,
3382,"take_off_lid_,_to",VerbComplex,113,zdejmować pokrywkę,impf,gotowanie i obróbka żywności,gotowanie,podawanie i przykrywanie,podawanie-i-przykrywanie,motion,
3383,"take_out_,_to",VerbComplex,113,wyjmować,impf,manipulowanie przedmiotami,manipulowanie-przedmiotami,przemieszczanie przedmiotów,przemieszczanie-przedmiotow,motion,
3384,"take_picture_,_to",VerbComplex,113,robić zdjęcie,impf,obsługa urządzeń,obsluga-urzadzen,,,contact,
3385,"talk_1_,_to",Verb,113,mówić,impf,komunikacja,komunikacja,,,communication,"obraz: głowa z otwartymi ustami, bez rozmówcy"
3386,"talk_2_,_to",Verb,113,mówić,impf,komunikacja,komunikacja,,,communication,"obraz: głowa z dymkiem, bez rozmówcy"
3387,"talk_3_,_to",Verb,113,rozmawiać,impf,komunikacja,komunikacja,,,communication,obraz: dwie głowy zwrócone do siebie; alternatywnie: rozmowa (forma rzeczownikowa)
3388,"talk_4_,_to",Verb,113,rozmawiać,impf,komunikacja,komunikacja,,,communication,obraz: dwie głowy zwrócone do siebie z dymkiem; alternatywnie: rozmowa (forma rzeczownikowa)
3389,"tear_,_to",Verb,113,drzeć,impf,manipulowanie przedmiotami,manipulowanie-przedmiotami,łączenie i rozdzielanie,laczenie-i-rozdzielanie,contact,
3390,"telephone_2_,_to",Verb,113,telefonować,impf,komunikacja,komunikacja,,,communication,obraz: telefon stacjonarny z kablem
3391,"telephone_mobile_,_to",VerbComplex,113,dzwonić z komórki,impf,komunikacja,komunikacja,,,communication,
3392,"telephone_mobile_2_,_to",VerbComplex,113,dzwonić z komórki,impf,komunikacja,komunikacja,,,communication,wariant obrazu
3393,"think_,_to",Verb,113,myśleć,impf,poznanie i percepcja,poznanie-i-percepcja,,,cognition,
3394,"throw_away_,_to",VerbComplex,113,wyrzucać,impf,prace domowe i ogrodowe,prace-domowe-i-ogrodowe,dom i porządki,dom-i-porzadki,contact,
3395,"tickle_,_to",Verb,113,łaskotać,impf,relacje społeczne i opieka,relacje-i-opieka,kontakt fizyczny i gesty,kontakt-fizyczny-i-gesty,contact,
3396,"tidy_2_,_to",Verb,113,sprzątać,impf,prace domowe i ogrodowe,prace-domowe-i-ogrodowe,dom i porządki,dom-i-porzadki,contact,wariant obrazu
3397,"tie_,_to",Verb,113,wiązać (węzeł),impf,manipulowanie przedmiotami,manipulowanie-przedmiotami,łączenie i rozdzielanie,laczenie-i-rozdzielanie,contact,obraz: wiązanie węzła na materiale
3398,"tighten_,_to",Verb,113,dokręcać (zakrętkę),impf,manipulowanie przedmiotami,manipulowanie-przedmiotami,łączenie i rozdzielanie,laczenie-i-rozdzielanie,contact,obraz: dłoń dokręca nakrętkę słoika
3399,"touch_,_to",Verb,113,dotykać,impf,manipulowanie przedmiotami,manipulowanie-przedmiotami,uderzanie i dotykanie,uderzanie-i-dotykanie,contact,
3400,"trace_,_to",Verb,113,obrysowywać,impf,tworzenie i rzemiosło,tworzenie,,,creation,
3401,"transport_car_,_to",Verb,113,przewozić samochód (lawetą),impf,ruch,ruch,pojazdy i pływanie,pojazdy-i-plywanie,motion,obraz: laweta z samochodem
3402,"trim_,_to",Verb,113,przycinać (roślinę),impf,manipulowanie przedmiotami,manipulowanie-przedmiotami,łączenie i rozdzielanie,laczenie-i-rozdzielanie,contact,obraz: nożyce do żywopłotu tną liście
3403,"trim_hedge_,_to",VerbComplex,113,przycinać żywopłot,impf,prace domowe i ogrodowe,prace-domowe-i-ogrodowe,ogród i drewno,ogrod-i-drewno,contact,
3404,"turn_,_to",Verb,113,obracać się,impf,ruch,ruch,skoki i obroty,skoki-i-obroty,motion,obraz: postać obracająca się
3405,"turn_down_light_,_to",VerbComplex,113,przyciemniać światło,impf,obsługa urządzeń,obsluga-urzadzen,,,contact,obraz: pokrętło i lampa
3406,"turn_off_,_to",Verb,113,wyłączać (pokrętłem),impf,obsługa urządzeń,obsluga-urzadzen,,,contact,obraz: dłoń przekręca pokrętło
3407,"turn_on_,_to",Verb,113,włączać (pokrętłem),impf,obsługa urządzeń,obsluga-urzadzen,,,contact,obraz: dłoń przekręca pokrętło
3408,"turn_up_light_,_to",VerbComplex,113,rozjaśniać światło,impf,obsługa urządzeń,obsluga-urzadzen,,,contact,
3409,"type_,_to",Verb,113,pisać na klawiaturze,impf,obsługa urządzeń,obsluga-urzadzen,,,contact,
3410,"unbutton_2_,_to",Verb,113,rozpinać guziki,impf,higiena i ubieranie się,higiena-i-ubieranie,ubieranie i rozbieranie,ubieranie-i-rozbieranie,body,wariant obrazu
3411,"unlock_,_to",Verb,113,odmykać (kluczem),impf,zmiana stanu,zmiana-stanu,otwieranie i zamykanie,otwieranie-i-zamykanie,contact,
3413,"visit_,_to",Verb,113,odwiedzać,impf,relacje społeczne i opieka,relacje-i-opieka,życie społeczne,zycie-spoleczne,social,
3414,"vomit_2_,_to",Verb,113,wymiotować,impf,postawa i czynności ciała,postawa-i-czynnosci-ciala,,,body,wariant obrazu
3415,"vote_,_to",Verb,113,głosować,impf,relacje społeczne i opieka,relacje-i-opieka,życie społeczne,zycie-spoleczne,social,
3416,"wait_,_to",Verb,113,czekać,impf,odpoczynek i stany,odpoczynek-i-stany,,,stative,
3417,"wait_table_,_to",VerbComplex,113,obsługiwać gości,impf,praca,praca,,,social,
3418,"wake_up_,_to",VerbComplex,113,budzić się,impf,odpoczynek i stany,odpoczynek-i-stany,,,body,
3419,"walk_,_to",Verb,113,chodzić,impf,ruch,ruch,"chodzenie, bieg i wspinaczka",chodzenie-bieg-i-wspinaczka,motion,czasownik ruchu (chodzić / iść)
3420,"walk_downstairs_,_to",VerbComplex,113,schodzić po schodach,impf,ruch,ruch,"chodzenie, bieg i wspinaczka",chodzenie-bieg-i-wspinaczka,motion,
3421,"walk_upstairs_,_to",VerbComplex,113,wchodzić po schodach,impf,ruch,ruch,"chodzenie, bieg i wspinaczka",chodzenie-bieg-i-wspinaczka,motion,
3422,"walk_up_to_,_to",VerbComplex,113,podchodzić,impf,ruch,ruch,"chodzenie, bieg i wspinaczka",chodzenie-bieg-i-wspinaczka,motion,
3423,"want_,_to",Verb,113,chcieć,impf,poznanie i percepcja,poznanie-i-percepcja,,,emotion,
3424,"watch_,_to",Verb,113,oglądać,impf,poznanie i percepcja,poznanie-i-percepcja,,,perception,
3425,"wear_helmet_,_to",VerbComplex,113,nosić kask,impf,higiena i ubieranie się,higiena-i-ubieranie,ubieranie i rozbieranie,ubieranie-i-rozbieranie,body,
3426,"weigh_food_,_to",VerbComplex,113,ważyć jedzenie,impf,manipulowanie przedmiotami,manipulowanie-przedmiotami,pomiar,pomiar,contact,
3427,"weigh_person_,_to",VerbComplex,113,ważyć osobę,impf,manipulowanie przedmiotami,manipulowanie-przedmiotami,pomiar,pomiar,contact,
3428,"whisper_,_to",Verb,113,szeptać,impf,komunikacja,komunikacja,,,communication,
3429,"wiggle_,_to",Verb,113,poruszać palcem,impf,postawa i czynności ciała,postawa-i-czynnosci-ciala,,,body,obraz: uniesiony palec z liniami ruchu
3430,"work_2_,_to",Verb,113,pracować,impf,praca,praca,,,social,wariant obrazu
3431,"wrestle_,_to",Verb,113,mocować się,impf,"gra, sport i wypoczynek",gra-sport-wypoczynek,sport i ćwiczenia,sport-i-cwiczenia,competition,
3432,"write_,_to",Verb,113,pisać,impf,komunikacja,komunikacja,,,communication,
3433,"write_cheque_,_to",VerbComplex,113,wypisywać czek,impf,komunikacja,komunikacja,,,communication,
3434,"write_letter_,_to",VerbComplex,113,pisać list,impf,komunikacja,komunikacja,,,communication,
3435,"yawn_,_to",Verb,113,ziewać,impf,postawa i czynności ciała,postawa-i-czynnosci-ciala,,,body,
3436,"zoom_,_to",Verb,113,przybliżać,impf,obsługa urządzeń,obsluga-urzadzen,,,contact,obraz: lupa z plusem
